{
  "sheet": "assets/themes/candy_sky_islands/source/candy_function_ui_sheet_photoroom.png",
  "sheet_size": [
    1659,
    948
  ],
  "method": "auto alpha component polygon from full Photoroom sheet",
  "assets": {
    "ui_leaderboard_button": {
      "outline": [
        [
          0.1577757685352622,
          0.060126582278481014
        ],
        [
          0.4104882459312839,
          0.11023206751054852
        ],
        [
          0.4104882459312839,
          0.21044303797468356
        ],
        [
          0.32625075346594334,
          0.26054852320675104
        ],
        [
          0.1577757685352622,
          0.26054852320675104
        ],
        [
          0.07353827606992164,
          0.21044303797468356
        ],
        [
          0.07353827606992164,
          0.11023206751054852
        ],
        [
          0.1577757685352622,
          0.060126582278481014
        ]
      ],
      "computed_rect": {
        "x": 0.07353827606992164,
        "y": 0.060126582278481014,
        "w": 0.33755274261603374,
        "h": 0.20147679324894516
      },
      "source": "computed from alpha component after Photoroom full-sheet background removal"
    },
    "ui_leaderboard_tab": {
      "outline": [
        [
          0.5497287522603979,
          0.08333333333333333
        ],
        [
          0.7034358047016275,
          0.12341772151898735
        ],
        [
          0.7034358047016275,
          0.20358649789029537
        ],
        [
          0.6522001205545509,
          0.24367088607594936
        ],
        [
          0.5497287522603979,
          0.24367088607594936
        ],
        [
          0.4984930681133213,
          0.20358649789029537
        ],
        [
          0.4984930681133213,
          0.12341772151898735
        ],
        [
          0.5497287522603979,
          0.08333333333333333
        ]
      ],
      "computed_rect": {
        "x": 0.4984930681133213,
        "y": 0.08333333333333333,
        "w": 0.2055455093429777,
        "h": 0.16139240506329114
      },
      "source": "computed from alpha component after Photoroom full-sheet background removal"
    },
    "ui_leaderboard_close": {
      "outline": [
        [
          0.8224834237492465,
          0.06856540084388185
        ],
        [
          0.9065702230259193,
          0.11708860759493671
        ],
        [
          0.9065702230259193,
          0.2141350210970464
        ],
        [
          0.878541289933695,
          0.2626582278481013
        ],
        [
          0.8224834237492465,
          0.2626582278481013
        ],
        [
          0.7944544906570223,
          0.2141350210970464
        ],
        [
          0.7944544906570223,
          0.11708860759493671
        ],
        [
          0.8224834237492465,
          0.06856540084388185
        ]
      ],
      "computed_rect": {
        "x": 0.7944544906570223,
        "y": 0.06856540084388185,
        "w": 0.11271850512356842,
        "h": 0.19514767932489452
      },
      "source": "computed from alpha component after Photoroom full-sheet background removal"
    },
    "ui_leaderboard_panel": {
      "outline": [
        [
          0.16787221217600964,
          0.2974683544303797
        ],
        [
          0.5033152501506932,
          0.3847573839662447
        ],
        [
          0.5033152501506932,
          0.5593354430379747
        ],
        [
          0.391500904159132,
          0.6466244725738397
        ],
        [
          0.16787221217600964,
          0.6466244725738397
        ],
        [
          0.05605786618444846,
          0.5593354430379747
        ],
        [
          0.05605786618444846,
          0.3847573839662447
        ],
        [
          0.16787221217600964,
          0.2974683544303797
        ]
      ],
      "computed_rect": {
        "x": 0.05605786618444846,
        "y": 0.2974683544303797,
        "w": 0.4478601567209162,
        "h": 0.350210970464135
      },
      "source": "computed from alpha component after Photoroom full-sheet background removal"
    },
    "ui_leaderboard_row": {
      "outline": [
        [
          0.6592827004219409,
          0.439873417721519
        ],
        [
          0.9300783604581073,
          0.46492616033755274
        ],
        [
          0.9300783604581073,
          0.5150316455696202
        ],
        [
          0.8398131404460518,
          0.540084388185654
        ],
        [
          0.6592827004219409,
          0.540084388185654
        ],
        [
          0.5690174804098854,
          0.5150316455696202
        ],
        [
          0.5690174804098854,
          0.46492616033755274
        ],
        [
          0.6592827004219409,
          0.439873417721519
        ]
      ],
      "computed_rect": {
        "x": 0.5690174804098854,
        "y": 0.439873417721519,
        "w": 0.3616636528028933,
        "h": 0.10126582278481013
      },
      "source": "computed from alpha component after Photoroom full-sheet background removal"
    },
    "ui_username_panel": {
      "outline": [
        [
          0.0824291742013261,
          0.7035864978902954
        ],
        [
          0.24291742013261,
          0.7600210970464135
        ],
        [
          0.24291742013261,
          0.8728902953586498
        ],
        [
          0.18942133815551537,
          0.929324894514768
        ],
        [
          0.0824291742013261,
          0.929324894514768
        ],
        [
          0.028933092224231464,
          0.8728902953586498
        ],
        [
          0.028933092224231464,
          0.7600210970464135
        ],
        [
          0.0824291742013261,
          0.7035864978902954
        ]
      ],
      "computed_rect": {
        "x": 0.028933092224231464,
        "y": 0.7035864978902954,
        "w": 0.21458710066305003,
        "h": 0.22679324894514769
      },
      "source": "computed from alpha component after Photoroom full-sheet background removal"
    },
    "ui_username_input": {
      "outline": [
        [
          0.32248342374924654,
          0.770042194092827
        ],
        [
          0.48523206751054854,
          0.8027426160337553
        ],
        [
          0.48523206751054854,
          0.8681434599156118
        ],
        [
          0.4309825195901145,
          0.9008438818565401
        ],
        [
          0.32248342374924654,
          0.9008438818565401
        ],
        [
          0.26823387582881253,
          0.8681434599156118
        ],
        [
          0.26823387582881253,
          0.8027426160337553
        ],
        [
          0.32248342374924654,
          0.770042194092827
        ]
      ],
      "computed_rect": {
        "x": 0.26823387582881253,
        "y": 0.770042194092827,
        "w": 0.21760096443640747,
        "h": 0.13185654008438819
      },
      "source": "computed from alpha component after Photoroom full-sheet background removal"
    },
    "ui_button_primary": {
      "outline": [
        [
          0.5629897528631705,
          0.7447257383966245
        ],
        [
          0.7293550331525015,
          0.7887658227848101
        ],
        [
          0.7293550331525015,
          0.8768459915611815
        ],
        [
          0.6738999397227246,
          0.9208860759493671
        ],
        [
          0.5629897528631705,
          0.9208860759493671
        ],
        [
          0.5075346594333936,
          0.8768459915611815
        ],
        [
          0.5075346594333936,
          0.7887658227848101
        ],
        [
          0.5629897528631705,
          0.7447257383966245
        ]
      ],
      "computed_rect": {
        "x": 0.5075346594333936,
        "y": 0.7447257383966245,
        "w": 0.2224231464737794,
        "h": 0.17721518987341772
      },
      "source": "computed from alpha component after Photoroom full-sheet background removal"
    },